{
    "music_volume": 0.00375,
    "sfx_volume": 0.02625,
    "parallax_mod": 0.98625
}